"FullName","Length","LastWriteTime"
"D:\HocTap\Hoc_Tap\Hufi\CNTT\Thac_Si\HK3\Đề án\Luan_Van\pilot\pilot\ket_qua.log","2112","7/16/2026 9:34:31 PM"
"D:\HocTap\Hoc_Tap\Hufi\CNTT\Thac_Si\HK3\Đề án\Luan_Van\pilot\pilot\ml-1m.txt","4253756","7/16/2026 2:53:42 PM"
"D:\HocTap\Hoc_Tap\Hufi\CNTT\Thac_Si\HK3\Đề án\Luan_Van\pilot\pilot\README.md","1777","7/16/2026 2:54:54 PM"
"D:\HocTap\Hoc_Tap\Hufi\CNTT\Thac_Si\HK3\Đề án\Luan_Van\pilot\pilot\results_ml1m.json","5266","7/17/2026 12:18:48 AM"
"D:\HocTap\Hoc_Tap\Hufi\CNTT\Thac_Si\HK3\Đề án\Luan_Van\pilot\pilot\sirm_pilot_ml1m.py","15725","7/19/2026 4:57:58 PM"
"D:\HocTap\Hoc_Tap\Hufi\CNTT\Thac_Si\HK3\Đề án\Luan_Van\pilot\pilot\.cache\pca_w5_d100.npy","1462128","7/16/2026 9:28:27 PM"
"D:\HocTap\Hoc_Tap\Hufi\CNTT\Thac_Si\HK3\Đề án\Luan_Van\pilot\pilot\17072026\Version 1\ml-1m.txt","4253756","7/16/2026 2:53:42 PM"
"D:\HocTap\Hoc_Tap\Hufi\CNTT\Thac_Si\HK3\Đề án\Luan_Van\pilot\pilot\17072026\Version 1\sirm_g100.json","3024","7/17/2026 11:56:11 AM"
"D:\HocTap\Hoc_Tap\Hufi\CNTT\Thac_Si\HK3\Đề án\Luan_Van\pilot\pilot\17072026\Version 1\sirm_g100.log","20184","7/17/2026 11:56:11 AM"
"D:\HocTap\Hoc_Tap\Hufi\CNTT\Thac_Si\HK3\Đề án\Luan_Van\pilot\pilot\17072026\Version 1\sirm_g100.log.bak","12286","7/17/2026 11:33:13 AM"
"D:\HocTap\Hoc_Tap\Hufi\CNTT\Thac_Si\HK3\Đề án\Luan_Van\pilot\pilot\17072026\Version 1\sirm_g1000.json","3031","7/17/2026 10:52:20 AM"
"D:\HocTap\Hoc_Tap\Hufi\CNTT\Thac_Si\HK3\Đề án\Luan_Van\pilot\pilot\17072026\Version 1\sirm_g1000.log","10595","7/17/2026 11:32:34 AM"
"D:\HocTap\Hoc_Tap\Hufi\CNTT\Thac_Si\HK3\Đề án\Luan_Van\pilot\pilot\17072026\Version 1\sirm_g1000.log.bak","21192","7/17/2026 11:32:34 AM"
"D:\HocTap\Hoc_Tap\Hufi\CNTT\Thac_Si\HK3\Đề án\Luan_Van\pilot\pilot\17072026\Version 1\sirm_pilot_ml1m.py","17367","7/17/2026 9:40:44 AM"
"D:\HocTap\Hoc_Tap\Hufi\CNTT\Thac_Si\HK3\Đề án\Luan_Van\pilot\pilot\17072026\Version 1\.cache\pca_w5_d100.npy","1462128","7/17/2026 9:36:40 AM"
"D:\HocTap\Hoc_Tap\Hufi\CNTT\Thac_Si\HK3\Đề án\Luan_Van\pilot\pilot\17072026\Version 2\bprmf.log","11361","7/17/2026 6:17:20 PM"
"D:\HocTap\Hoc_Tap\Hufi\CNTT\Thac_Si\HK3\Đề án\Luan_Van\pilot\pilot\17072026\Version 2\bprmf.log.bak","22724","7/17/2026 6:16:45 PM"
"D:\HocTap\Hoc_Tap\Hufi\CNTT\Thac_Si\HK3\Đề án\Luan_Van\pilot\pilot\17072026\Version 2\bprmf_pilot_ml1m.py","11787","7/17/2026 3:16:29 PM"
"D:\HocTap\Hoc_Tap\Hufi\CNTT\Thac_Si\HK3\Đề án\Luan_Van\pilot\pilot\17072026\Version 2\results_bprmf_ml1m.json","5285","7/17/2026 5:43:42 PM"
"D:\HocTap\Hoc_Tap\Hufi\CNTT\Thac_Si\HK3\Đề án\Luan_Van\pilot\pilot\17072026\Version 2\results_ml1m.json","5372","7/17/2026 5:22:04 PM"
"D:\HocTap\Hoc_Tap\Hufi\CNTT\Thac_Si\HK3\Đề án\Luan_Van\pilot\pilot\17072026\Version 2\sirm.log","19177","7/17/2026 6:17:28 PM"
"D:\HocTap\Hoc_Tap\Hufi\CNTT\Thac_Si\HK3\Đề án\Luan_Van\pilot\pilot\17072026\Version 2\sirm.log.bak","38356","7/17/2026 6:16:45 PM"
"D:\HocTap\Hoc_Tap\Hufi\CNTT\Thac_Si\HK3\Đề án\Luan_Van\pilot\pilot\17072026\Version 2\sirm_pilot_ml1m.py","18491","7/17/2026 3:16:19 PM"
"D:\HocTap\Hoc_Tap\Hufi\CNTT\Thac_Si\HK3\Đề án\Luan_Van\pilot\pilot\17072026\Version 2\.cache\pca_w5_d100.npy","1462128","7/17/2026 3:05:39 PM"
"D:\HocTap\Hoc_Tap\Hufi\CNTT\Thac_Si\HK3\Đề án\Luan_Van\pilot\pilot\17072026\Version 2\__pycache__\sirm_pilot_ml1m.cpython-314.pyc","32917","7/17/2026 3:16:39 PM"
"D:\HocTap\Hoc_Tap\Hufi\CNTT\Thac_Si\HK3\Đề án\Luan_Van\pilot\pilot\19072026\bprmf_longtail.log","25184","7/19/2026 5:28:14 PM"
"D:\HocTap\Hoc_Tap\Hufi\CNTT\Thac_Si\HK3\Đề án\Luan_Van\pilot\pilot\19072026\bprmf_pilot_ml1m.py","16024","7/19/2026 5:02:39 PM"
"D:\HocTap\Hoc_Tap\Hufi\CNTT\Thac_Si\HK3\Đề án\Luan_Van\pilot\pilot\19072026\ml-1m.txt","4253756","7/16/2026 2:53:42 PM"
"D:\HocTap\Hoc_Tap\Hufi\CNTT\Thac_Si\HK3\Đề án\Luan_Van\pilot\pilot\19072026\results_bprmf_ml1m.json","7836","7/19/2026 5:28:14 PM"
"D:\HocTap\Hoc_Tap\Hufi\CNTT\Thac_Si\HK3\Đề án\Luan_Van\pilot\pilot\19072026\.cache\pca_w5_d100.npy","1462128","7/19/2026 4:53:08 PM"
"D:\HocTap\Hoc_Tap\Hufi\CNTT\Thac_Si\HK3\Đề án\Luan_Van\pilot\pilot\Log\sirm_pilot_ml1m.txt","26708","7/17/2026 12:41:18 AM"
"D:\HocTap\Hoc_Tap\Hufi\CNTT\Thac_Si\HK3\Đề án\Luan_Van\pilot\pilot\__pycache__\sirm_pilot_ml1m.cpython-314.pyc","28421","7/19/2026 4:58:06 PM"
